,x,y,cluster
0,-0.7342781152257762,0.08893663500662874,5
1,-0.7678873016267074,-0.2585100606360661,5
2,-0.7751111904375744,-0.19672740211116457,5
3,0.6739729697494369,-0.5525319543064845,6
4,-0.7342781152255777,0.08893663500859303,5
5,-0.7379212554217851,0.07712290146502425,5
6,-0.7282190151449144,-0.29675781991323724,5
7,-0.6928644896076863,0.3936621587642109,7
8,-0.6914913174527452,0.0697968312738227,7
9,0.06484701697360001,-0.032569294044559806,5
10,-0.7666691745193662,-0.2525384762259916,5
11,0.07011514629432447,-0.017983089811243646,5
12,-0.6753484498069849,0.44323279628969775,5
13,0.33484681258616433,0.057368172638836853,5
14,-0.36475025222485197,-0.675725899820472,5
15,-0.35565252056992414,-0.675692954896337,5
16,0.471462889861003,0.0020372579987689154,7
17,0.22002561349315528,-0.23717189872554847,5
18,-0.6048414225282026,-0.1845733286937256,4
19,0.4021295107074741,-0.32915493377423244,6
20,0.32986799119190763,-0.29678324923511884,6
21,-0.20374295202618206,-0.06434621614500115,5
22,0.44489285741900897,-0.2762839324684135,5
23,-0.2299331006834346,-0.7760442660136062,5
24,-0.4109418337792652,0.2901514041909684,6
25,-0.3565859867079231,0.3223884435814571,5
26,0.49679454336031237,-0.14278134858899008,5
27,0.4448614982892708,-0.2764159112455177,5
28,-0.7667490774627711,0.10086051549586685,5
29,-0.7003865931355823,0.21157033453459717,6
30,-0.8268774546048308,0.04542625753158581,5
31,-0.7191681691072384,0.37962143723406067,6
32,-0.48999957665681876,-0.6235791191030723,5
33,-0.4546971680978619,-0.2562726568171206,6
34,-0.17629552620817007,0.2163174831960903,5
35,-0.5144980463470034,-0.06965391964653549,6
36,-0.2751760957080379,0.4320062556496639,6
37,0.7129677338996865,-0.3008704485392882,7
38,-0.7294387050756703,0.258054392955704,4
39,0.25365933711200755,0.1033015703706628,5
40,0.25365903604967005,0.10330083436905374,5
41,-0.21015796594881234,-0.7471865794391104,4
42,0.2578843598145144,0.04740267499191175,6
43,0.2854039071742451,0.31721438691688797,5
44,-0.6774806420957884,0.2812448380277568,5
45,-0.21881738777405166,0.7616333253859836,4
46,-0.5468224978618086,-0.5550099154440638,5
47,0.6594245074470304,-0.40672940728376455,5
48,-0.03261979460201892,0.23983586934161777,5
49,-0.039889716571582925,-0.13606777807273984,5
50,0.23334234230761045,-0.6682884733895571,5
51,-0.6199229531602823,0.38227987046308476,6
52,-0.5694703583122158,0.40773546321585014,6
53,-0.09116958417312487,-0.7616424775340215,5
54,-0.41372396986186966,-0.4318881546759464,6
55,-0.7306493386547642,-0.2320152692868888,5
56,0.7579428481173133,-0.4606926636386825,5
57,-0.5635835080943963,-0.4905771381962847,5
58,-0.7357055617246243,0.020968386536592803,5
59,-0.033843745266745835,0.01066632004502503,6
60,0.12889622013453167,-0.5060396861958858,5
61,-0.24325757954788638,-0.7055737649012428,5
62,-0.6397265516219488,0.016537579737832996,7
63,-0.8010831645091286,0.08065820702863924,5
64,-0.514986946636339,0.38892367306179115,5
65,-0.5149841397662143,0.38892886333633003,5
66,-0.6633886828977607,0.10707898048775613,5
67,-0.570132593029829,0.49847783067031626,5
68,0.7805729900766273,-0.012072397117827897,5
69,-0.1743338332525868,0.49468006202209364,6
70,-0.7576730733141537,-0.08132958846014915,6
71,-0.6609181549197982,-0.4217921738048313,5
72,-0.673671679839179,-0.4052211484375917,5
73,-0.46386226899649213,-0.5270147438235974,4
74,0.49722044929778925,-0.5815374506014841,5
75,0.5680170003113959,0.06274450213119238,5
76,0.5680170475902507,0.06274393304099712,5
77,-0.6985507314122048,0.38593102419163866,6
78,-0.8082131596417844,0.06454018976913041,5
79,-0.18387476173687825,-0.5941756113382817,4
80,-0.32980780043690316,0.30133776449654054,5
81,0.33961943257895877,-0.24023841162259305,5
82,-0.18996644651128755,-0.5744260594676356,5
83,0.0816861020483401,-0.21651192400237348,5
84,0.3566168808773327,0.5349318724134277,6
85,-0.6763948936449858,0.4242005389377029,5
86,0.3984400078904191,-0.07110342191603418,6
87,-0.1317285152356634,0.11728565266346828,5
88,0.3004250723707402,-0.5129299263140089,5
89,-0.6727070983156092,0.010721817503489555,5
90,-0.4291702323020143,-0.5879647319757373,5
91,0.39897512683498837,-0.06960001652598774,6
92,0.4056809099016456,-0.06949742402185231,5
93,-0.13172852697155849,0.11728563828814793,5
94,-0.7058590061154606,0.3965877365141823,4
95,-0.29143513015461986,0.7386362871158554,6
96,-0.6803154371123038,0.3878075858895893,5
97,0.07830068635147171,-0.3762552865618617,5
98,-0.7110327291999003,0.12458501741510213,5
99,-0.3959874933025291,-0.5416159789196722,6
100,-0.4709185105376836,-0.050388773013098874,6
101,0.40765380529945866,0.4614161502192654,6
102,-0.39598750856834003,-0.541615968614074,6
103,-0.5076110405346211,-0.5886675091827995,5
104,-0.4015416261078241,-0.18168019013569167,5
105,-0.5076110404658326,-0.5886675092318302,5
106,0.35519145446192946,-0.25541897266172187,5
107,-0.51634344107587,0.06311214503534558,5
108,0.45442117391485254,-0.2671102744555173,6
109,-0.38446587561087797,-0.6595897496036977,5
110,0.12727187113823762,-0.30405449259396655,5
111,-0.4280150384394444,-0.6552673454025124,5
112,-0.42092198750719206,-0.662835852729149,5
113,0.5773546273232989,-0.5238949678421824,6
114,0.12727154091896337,-0.30405522813968244,5
115,0.691120363269209,-0.5578579610738876,6
116,-0.1576487779642216,-0.23995731524396421,6
117,-0.6361510891262009,-0.11210174448328117,6
118,-0.25792332503824483,-0.05609429077165566,6
119,-0.7774270104466693,-0.2238436169330259,6
120,-0.7455884398917514,-0.2500707698473813,5
121,-0.2562800696586529,-0.05395217729483551,6
122,-0.6700849274336875,0.06050563966501646,5
123,-0.7464545715917438,-0.0007230883576297522,5
124,-0.6130936685960157,-0.3618157851863071,5
125,-0.3924015449009113,-0.681342377073935,5
126,-0.7039783491468107,0.22325171729745136,5
127,-0.7060905225162338,0.22761147023448114,5
128,0.09371514927517335,0.5802139989969123,7
129,-0.290068289831184,0.4832806107362819,5
130,-0.32741626621728465,-0.6744384111620537,5
131,-0.1903430803397121,0.7746575979334951,5
132,-0.19034308061509173,0.7746575978972838,5
133,-0.6303005270109819,0.4871256489017349,6
134,-0.755154792680248,-0.11105781754953437,6
135,-0.5533191629669677,-0.45481199827863605,5
136,-0.48297759097017706,-0.43955591384461284,5
137,-0.08009416644401526,-0.02739467392499552,5
138,-0.5973140664910496,-0.4663535488626093,5
139,-0.5895151201679856,-0.4813787122662038,5
140,-0.5533139188765457,-0.45479510374790016,5
141,-0.48298620702610295,-0.43956003945780053,5
142,-0.0455668096294207,0.819583001300788,6
143,-0.3704973335974278,0.43963932961260965,5
144,-0.04556681155484203,0.8195830015004956,6
145,-0.23886240674813822,-0.719028272981418,5
146,-0.7481469650203368,0.3298284449490415,5
147,0.046225252349254,-0.602540316140624,5
148,-0.5320783956128682,0.5632849872718001,6
149,0.3382239271082231,0.33979534096535974,6
150,0.6809611776332172,0.26568606926339877,6
151,0.446712642666318,-0.3171993830868591,4
152,-0.8063344690088632,-0.049773080270044824,5
153,-0.8063337020613129,-0.04977719282879091,5
154,-0.04223036296175506,0.022981355718636853,5
155,-0.023974254860208735,0.05690498594053081,5
156,-0.02333180144062492,0.06287415555469761,5
157,-0.02397796603070692,0.056896517650520076,5
158,-0.7471391879036344,0.1336539368640685,5
159,-0.7108432932197896,0.05062720085316771,6
160,-0.7287507593696209,-0.12946242789519852,5
161,-0.023986811359261034,-0.04860675454829175,4
162,-0.7391103639106456,0.18574303657365873,6
163,-0.5220122068650822,-0.47494444308843425,5
164,-0.5221369027470861,-0.47138108975882426,5
165,-0.11282301220136866,-0.7372069830506384,5
166,-0.8066585487976407,-0.07177403424272773,5
167,-0.7812446291238829,-0.04063820993975674,4
168,-0.652809358894162,0.47879174318470674,6
169,0.2205905484856956,-0.14869532582793812,5
170,-0.6922482216503933,-0.11782458297693146,4
171,0.18696885102352484,-0.5181447428964965,6
172,0.18696883032385547,-0.5181450941992247,6
173,-0.48358400624175785,0.6323941313761895,6
174,-0.117598327943456,-0.16231861438193393,5
175,-0.5525852166201899,0.24412907051539895,5
176,-0.11759746693828745,-0.1623147977433403,5
177,0.008848744511226095,0.49035533144656296,6
178,-0.7360167805260128,0.1847409767455466,5
179,-0.2568835997458732,-0.7427097750511369,5
180,-0.25688361840303653,-0.7427097709911199,5
181,0.11644813272881709,-0.664279715951415,5
182,-0.7867289800161178,0.010537994990448081,5
183,-0.6795397024069488,0.05059994176224036,5
184,-0.6692925058204132,0.04679101840416899,6
185,0.3325778120366284,-0.649582553180055,5
186,0.11090891417223869,-0.5865602564519424,5
187,-0.7084839238279259,-0.0403802096920459,5
188,-0.24775148955510473,-0.7048049601431756,5
189,-0.2585709410860273,-0.6996979655961048,5
190,-0.2187446001497051,-0.7409262654790081,5
191,-0.24291317709502228,0.37085111427636325,6
192,-0.6512230856457982,-0.45054943466303643,5
193,-0.4765220604339704,-0.2242506844318171,5
194,-0.47652206376040207,-0.22425068340590987,5
195,-0.41792377528018837,-0.6363401129240156,5
196,-0.553031231629055,0.28983282545002254,5
197,0.8357371550779461,-0.31113348213771724,6
198,-0.2811004360611132,0.7580396646291899,7
199,-0.6686267625082272,0.42297926087751525,4
200,0.8611862360667494,-0.13086248192564529,7
201,0.16771401847808462,-0.7392755620630603,5
202,-0.42476542754679797,0.35044490502769887,5
203,-0.07706253586290072,-0.2802903142017524,5
204,-0.031148327741927904,-0.2763548939841432,6
205,0.8314317543461531,-0.332644475653103,7
206,0.8314317543715423,-0.3326444755830098,7
207,-0.4664685635416949,-0.5791009627911373,5
208,-0.1604821213531604,-0.7474473233767971,5
209,0.8449658004188288,-0.13813213063239846,7
210,0.7615748334521909,0.35358161670047755,6
211,-0.7234228454542098,-0.20704102045773495,6
212,0.788601012877184,-0.3526016205308828,6
213,-0.5227657566231034,-0.3700091838137189,5
214,-0.682912326906028,-0.2388897179367619,6
215,0.057668202615841525,-0.04430783829194022,5
216,-0.01681135136091302,-0.3773945914842998,5
217,-0.673318651034775,-0.2579120942987525,5
218,-0.5719000674705293,0.20299836760140794,5
219,-0.4023134281084965,-0.6080876215773223,5
220,0.0949555040750545,-0.38505815349173217,6
221,-0.2996525646884603,-0.7330155295775819,5
222,-0.6254922931914582,0.3881682787558616,5
223,-0.0253337784505895,-0.5408922062765075,6
224,-0.21124518354950464,-0.54394832022709,4
225,-0.0663405298513795,0.4555973169156376,6
226,0.34814363671794746,-0.20753650070390922,6
227,-0.6158971184793668,-0.13486745534888173,5
228,-0.06624743407837097,0.4558560484110329,6
229,-0.2428338439661967,0.6105814852123969,5
230,-0.23586069624296374,0.7520047383598161,7
231,-0.4013135408572614,0.10929361556372182,6
232,0.05841454882457647,-0.5746991380034929,6
233,-0.24283393170321435,0.6105814209724911,5
234,-0.7212693005535924,-0.1922615927496388,6
235,-0.77389540991026,-0.06714847286185482,6
236,-0.7738954099100013,-0.06714847285122273,6
237,-0.7856820924734184,-0.02863050740502095,6
238,-0.7738954099101454,-0.06714847285716154,6
239,-0.7212693005534744,-0.19226159275039853,6
240,0.29796685811769674,-0.5252062826017387,5
241,0.8080487930200873,-0.37154355164051867,6
242,-0.486252718048782,-0.615139856575182,6
243,0.6910095030948579,-0.5206535734047927,7
244,0.6910095078791287,-0.5206535656140685,7
245,-0.4414483674183942,0.34487003732061156,6
246,-0.7945150259696211,-0.034315801154342254,5
247,-0.4752894103026786,-0.6437110766453031,5
248,-0.737473844171502,0.06809268737904207,6
249,-0.4414483703138657,0.3448700354721414,6
250,0.7531555548258004,-0.4114843683941275,6
251,-0.6786392600314547,0.30420177005419163,6
252,0.7596607667102613,-0.42260381163382577,5
253,-0.3703690322072012,-0.5840328370255552,5
254,-0.6786392600858592,0.3042017699988417,6
255,-0.45691906308999314,-0.6319421840864055,5
256,0.6486155578803817,-0.5104177875722026,5
257,-0.7717558652827906,0.11990912792234645,5
258,0.3501328964855095,-0.20345012303159948,5
259,0.7672649215286576,-0.24276556059562876,7
260,0.1714662794463419,-0.4187132296743243,5
261,-0.8067035999534757,-0.03613764792228265,4
262,-0.6795358144733943,0.3067053671763345,5
263,0.009887992376983339,-0.4643073265260158,5
264,0.7425663994409258,-0.4329151120865397,5
265,0.8524740868188708,-0.23719948875186359,7
266,-0.7566038421882405,0.003379924169032967,4
267,0.6634647547293201,0.5393524292481675,8
268,-0.40160433667892026,0.3017372605384441,6
269,0.8035171030675041,-0.2632685756321364,6
270,-0.5550283412477881,0.41486949287234803,6
271,0.8035171037327149,-0.2632685709438354,6
272,0.7044558574201387,-0.5259720726723435,5
273,-0.5948908330537805,-0.34038699803931716,5
274,-0.5362067736053218,-0.4013242716770302,5
275,-0.5473595251474792,0.41557726104753145,6
276,-0.40160433802491036,0.30173725948644425,6
277,0.8035171023772806,-0.2632685804967458,6
278,0.8094864419776595,0.2017614806228837,8
279,0.48302880804692433,-0.09096381963889368,7
280,0.7456504978844183,-0.45888610723595197,6
281,0.5577060318926099,-0.028230435121799412,7
282,-0.6492978679971487,-0.31232500957713155,5
283,0.4830276891780901,-0.09097987787298535,7
284,-0.33474301988800353,-0.6202657288844298,5
285,-0.33474302868750855,-0.6202657368327679,5
286,0.6584334620879798,-0.573478348877127,6
287,-0.16304319771891979,0.41726855543417196,6
288,-0.04526829992468162,0.29872396602890205,7
289,0.37619602013902953,-0.7492255236547922,5
290,-0.04526571384613621,0.2987281365900155,7
291,0.5609918267471573,-0.18974086920703664,5
292,0.28473837476307257,-0.7518690805495385,6
293,0.20824631173982946,0.5069043846435217,6
294,0.613562219645422,-0.6311094825913418,6
295,0.5593671894823125,-0.6540608758709122,5
296,-0.16205303860880663,-0.7765073767562591,5
297,-0.5676492328217587,0.25789617949817645,5
298,-0.5412585106134498,0.22632847404354398,5
299,-0.6087555348935685,0.25561829363234007,5
300,-0.6195675978502111,0.5077468034915373,6
301,0.8360565579948898,-0.26092511178325845,6
302,-0.5849887991427138,0.061941612593826745,5
303,-0.5235937943344161,0.03261587136314554,5
304,0.021384808365525997,-0.7769657845312667,5
305,0.4962015841748051,-0.6761672861306981,6
306,-0.4991542722114471,-0.3438844931346221,5
307,0.47822012756939625,-0.5719614187646908,6
308,0.4842802036176721,-0.5635144783640593,6
309,0.4001963278965562,0.06884419776164549,6
310,0.4962015838383586,-0.6761672864438663,6
311,-0.4464269896580657,-0.6049731618956237,6
312,-0.12296031927039187,-0.7576160144073835,6
313,-0.3306901176163967,-0.6661050105191284,5
314,0.18304565865583108,0.6273563177084083,5
315,0.18953042022770158,0.7120682235147494,6
316,-0.28930347630110503,-0.6897784214430219,5
317,-0.6463441364298185,-0.4229306735358118,6
318,0.4282196415326288,-0.12113280461591835,7
319,-0.646344136288807,-0.4229306739411925,6
320,0.4282290685135935,-0.12136503563444648,7
321,-0.217724279128828,-0.7746942643971222,5
322,-0.5995275217180887,-0.17692527447105436,5
323,0.028503913669915712,-0.786524563322145,6
324,0.1285912868709734,-0.6252054198376241,6
325,0.12854784701917857,-0.6254132172245528,6
326,0.8577839220853521,-0.2559963839142015,7
327,0.8547249896778654,0.012616917606808149,5
328,0.7237217308221928,-0.4877292506872363,6
329,0.6261568005120204,-0.5593754031529228,5
330,0.8859917387701525,0.03614811011478095,6
331,0.8859917381165423,0.036148119296070404,6
332,-0.38677055516820813,-0.6865664590990428,6
333,-0.05979567177628865,-0.07274921485458018,5
334,-0.3435843344641043,0.7082085785541493,7
335,0.808574034119435,-0.1964753864435727,7
336,0.6340592127243503,0.5629666597483789,6
337,0.059386413255290545,-0.16524006146489884,5
338,0.7077784302011928,-0.5105983512547798,6
339,0.7734074071915239,-0.2951000660342841,7
340,0.7124073260756393,-0.41833830061862726,6
341,0.8852864010821001,-0.027055719963638158,6
342,0.7268368550059973,-0.35863097605154426,6
343,0.726836850128769,-0.35863098514434383,6
344,0.6787704065768244,-0.5155922125824369,6
345,-0.6756436116252711,0.26065131765998545,5
346,-0.3946030154343532,0.7169420970764908,7
347,0.8674448333962557,-0.2356494475534688,6
348,0.5370027201824148,-0.5907287360779794,6
349,-0.5241492743498641,-0.2062634577137576,6
350,0.26172152345261135,-0.5983262671531768,6
351,-0.5409603580440383,-0.21945070657419766,6
352,-0.612833292311239,-0.14434573155209787,5
353,0.8175035822842879,-0.360402746600553,5
354,0.2155269774174829,0.5873399086721276,6
355,-0.3890373902893957,0.7202757129622573,6
356,0.7522824107966781,-0.39239292800243547,5
357,0.9053476030357068,-0.006425714724124308,7
358,0.7816238593608186,-0.42790886816220974,7
359,0.6601742597811396,-0.5656341302295923,6
360,-0.39949195608361204,-0.6927392281723395,5
361,0.3374270950228437,-0.14939140611671503,6
362,0.6101702421940512,-0.6113124965415336,5
363,0.7807479720585911,-0.431303467986754,5
364,0.5550854797021318,-0.6467287093485931,7
365,0.8767414242676604,0.08407510075086462,6
366,0.5550854817130009,-0.6467287078291806,7
367,0.4937433986032431,-0.6682508617273064,5
368,0.44958920682285347,-0.7194885169105153,5
369,0.8428639948386999,0.2444980138471017,7
370,-0.7466877826294089,0.23927409587921875,5
371,0.5894939784518826,-0.14344010859707448,6
372,0.7122809467208746,0.2128655701167216,6
373,-0.14776549344176101,-0.8014544876526666,5
374,0.7339988289546044,-0.5084902229765048,6
375,0.8645200524692876,-0.23470781953352446,7
376,0.7832164103928559,-0.26661498752682644,6
377,0.8428639941306221,0.24449801679709615,7
378,0.8503264351365268,0.04988628299297932,6
379,0.5852839685243659,-0.0047902525236229974,6
380,0.7617419625552743,-0.29802075008026196,6
381,0.6778124374886836,-0.5708400965934246,6
382,0.7617419679318402,-0.29802074019593555,6
383,0.76174198250394,-0.2980207134063687,6
384,-0.33768883891197965,-0.3206594461107526,5
385,-0.6509614812364588,0.1134979688047384,6
386,-0.3799207368882662,-0.31425907934819036,6
387,-0.6950595784903684,-0.3085687347497531,6
388,-0.25130309403139167,-0.30055076995978725,6
389,0.616651608718471,-0.6219079243957999,7
390,-0.3100725818142972,0.7509958325928765,8
391,0.677812437720603,-0.5708400962998272,6
392,0.6431470158174099,-0.5487255693170546,5
393,0.018520256176319697,-0.7865375869467285,5
394,0.6047911432561097,-0.6068712902849164,5
395,0.8467627634660615,-0.12941935517289155,7
396,-0.6992525791021107,-0.26356735577605916,5
397,0.7136773680494332,-0.4955087426780932,6
398,0.7136773732624052,-0.4955087350888291,6
399,-0.2587957824755184,-0.7248854615224319,5
400,-0.6992525745058532,-0.2635673581595321,5
401,0.473383879533162,0.5395808507327757,6
402,0.5917204032009936,-0.6462877530331396,6
403,0.5941121674366262,-0.6140668023443847,6
404,-0.7012151352458389,-0.2852922480987633,5
405,0.7610950545476676,0.1012763481341879,6
406,0.8307604398870777,-0.252191728733006,6
407,0.7811976254387876,-0.4211507370691355,7
408,0.8595649822377829,-0.09699011898484416,6
409,0.5026152634579584,-0.69995789655698,4
410,-0.11089488646542794,-0.6853084723061676,6
411,-0.05142745387727667,-0.7054004807707335,5
412,-0.7215733402946861,-0.3487297716376901,5
413,0.7867288713509455,0.04548846459650977,7
414,-0.22495438538186988,-0.7478848555305811,5
415,-0.3256416594946354,-0.6425472176873561,5
416,0.8643930601851317,-0.007687422744000242,6
417,-0.7263857906458637,-0.028616936196434486,5
418,0.7581519194204673,-0.39891833785729974,6
419,-0.735162172169447,0.25621618443253125,5
420,0.3660518307065367,0.41444528004279485,7
421,-0.5257674589778062,0.6236113810767913,7
422,-0.742360103394161,0.15746611377223113,5
423,0.8882981186218241,-0.12876384536666152,7
424,-0.7423600885759315,0.1574661194074895,5
425,-0.525767461525186,0.6236113796594643,7
426,-0.506891808081435,0.6292990067415808,6
427,-0.09491404395677042,-0.4632792814360022,6
428,0.3364931941650891,-0.694199425473977,5
429,0.45904650395755214,-0.6710297267458268,6
430,0.8882981189369535,-0.12876384301092733,7
431,-0.25279070943004117,-0.7247755804758266,5
432,0.8995216401613876,0.00289169166055213,6
433,0.611992036463603,-0.5828755641251944,5
434,0.6748179017353885,-0.553287608641427,6
435,0.611992035471564,-0.5828755654987471,5
436,-0.4808975736021326,-0.31325454659383156,6
437,0.8445826598549309,-0.25897438893175434,6
438,0.6748179670124057,-0.553287443779954,6
439,-0.35981895398642594,-0.6606094073056723,5
440,0.7768218909996814,-0.47261564495934116,8
441,0.836556580534519,-0.33086889117771456,6
442,0.6269657852908256,-0.5951305319060417,7
443,0.87448472080811,0.11076248473831676,7
444,-0.14800244437073917,0.8067466512752927,7
445,-0.21910976585466688,-0.5253800707520047,6
446,0.6498765989581602,-0.5888473344734834,5
447,0.7897366417646272,0.0838949727264212,5
448,0.3840867943632586,-0.5732133250831065,6
449,0.7668394338469721,-0.46310621233267324,6
450,0.766839433421641,-0.4631062130454742,6
451,0.3936310545243372,-0.33294590487732356,6
452,-0.6914116302042361,0.339807876871427,6
453,0.8409847980454835,-0.2128930408465999,7
454,0.2909450392032396,0.6534124297354224,5
455,0.8205478146094943,0.09047326179334998,8
456,0.3483490111022019,-0.34576174295511736,5
457,-0.39570837178911616,-0.6639805292954354,5
458,0.8409847980380295,-0.2128930408806812,7
459,0.41070661145585907,-0.7016226358853019,3
460,0.8012365067837914,0.1214386336276591,6
461,-0.0268757349546176,-0.6158631082832366,5
462,0.8990465005672748,-0.06090935858008201,5
463,-0.03720390606639597,-0.7927998474764033,5
464,0.7146571588372241,-0.5391925414865831,6
465,0.580589296386095,-0.24886685133850864,5
466,0.8106294579438755,-0.25638548931033833,6
467,0.5880670157221692,0.6245634318689804,6
468,0.6541265787671432,-0.5496824275303741,6
469,-0.7114456980017816,-0.23458339947038526,5
470,0.7402729049727169,-0.5072540845910178,5
471,0.7981012071596458,-0.011891335789074696,6
472,0.7008785084391813,-0.5400227622523255,6
473,0.871258635854275,-0.08035742308128004,5
474,0.7711388068249831,-0.371985605549964,6
475,0.2665770080434636,-0.7045476302017409,5
476,0.765186540808355,-0.30082515375617663,5
477,0.8708929638100126,-0.050421401523738495,6
478,0.26657701086364965,-0.704547627289923,5
479,0.029897953990391773,-0.6170364651727023,6
480,0.3281785561035594,-0.4704555356977735,5
481,0.8971763381620621,0.11887410520211082,8
482,0.7445750756732005,-0.4145069214520233,5
483,0.7467676249821394,-0.40958765163999517,5
484,0.8776216325267602,0.09644921035618964,6
485,0.3850502733388498,-0.6352215460821258,5
486,0.3850502864809545,-0.635221529461402,5
487,0.3604272731498498,-0.6458925778145047,6
488,0.7005015292814156,-0.3514663548418247,7
489,0.7530185374919718,-0.22286974091012332,6
490,-0.553978768498937,-0.4183663238627165,6
491,0.6593749092243264,0.5587879482169558,7
492,0.6570984417221419,0.5679406137233888,7
493,-0.38870143349208236,0.0641787511591443,6
494,0.05123319812654995,0.6202893740549398,6
495,0.881171553204571,-0.19059748150502592,8
496,-0.31466879118043317,-0.3320622154128411,6
497,0.16170179638817078,0.4018094830826248,5
498,0.881171553230801,-0.19059748136056598,8
499,-0.38869917332194326,0.06418203692179272,6
500,-0.3146687239457005,-0.33206228160790424,6
501,0.7696933761064225,-0.1163272182711108,7
502,0.7696905461922949,-0.11635215710919364,7
503,0.8716109380275967,-0.07539500517661317,7
504,0.8549237429778115,-0.053382217609622154,7
505,0.8823849106997055,0.1258432720886478,7
506,0.8562283555621801,-0.030592617041252632,7
507,0.5139900251569204,-0.6230322699259041,6
508,0.139861489281797,-0.8009060968947587,6
509,0.8363271119897118,-0.35328811282859346,7
510,0.5856386796097005,-0.6521310863042491,5
511,0.1398614895196145,-0.8009060968161287,6
512,0.6742759599939637,-0.5881115460799001,6
513,0.8718405492333532,-0.13768324328118944,7
514,0.8718405516582483,-0.1376832256584884,7
515,-0.1355619958248214,-0.7208764940580366,5
516,0.737001060013596,-0.30312911046293817,6
517,0.3127655996842304,-0.7033726324108736,3
518,0.9019993725617048,-0.020526211819941426,6
519,0.27520029989511313,0.40456716764081574,5
520,0.7508983424749571,-0.08570919504046504,6
521,0.1255375759893821,-0.2605930208011648,5
522,0.020169802924717945,-0.32579278381433974,5
523,-0.055789387777116894,-0.7594560308692251,5
524,0.10881278151257298,-0.7866948535832087,5
525,-0.0309514362691549,-0.7764642517456338,5
526,0.27520055900645934,0.4045685664319985,5
527,0.3185136043467775,0.6014146576818811,6
528,0.10723829419052151,-0.6449858201966574,6
529,0.24786786783454828,-0.7797359014171555,5
530,0.6363938963518656,0.008077426881292196,6
531,0.6486027306853482,-0.5774791516910582,5
532,0.6486027269812235,-0.577479156877458,5
533,0.7353331313727328,0.41655467913985805,6
534,0.2965380850757401,-0.6860272519730372,6
535,0.6363938897988893,0.00807757692946921,6
536,0.24786786498927404,-0.7797359029415319,5
537,-0.2682503196173404,0.31421862198583933,6
538,0.7634272083028055,-0.3073062183105595,7
539,0.7837081521084057,-0.3057008246265888,5
540,-0.0712629725221162,-0.7825318072696751,5
541,0.7275087454500814,-0.1394949336707391,6
542,0.2061810934514087,-0.6608965189683529,5
543,0.4173285065913635,-0.6962590326266872,6
544,0.6618563231572783,-0.5872401965386718,6
545,0.044092782803199004,-0.8100676304845158,5
546,-0.22732453808408867,0.0323493787068865,6
547,0.8479303079121537,-0.18589961669120264,6
548,0.6567574320694258,-0.5799715761816872,6
549,0.38898780212068546,-0.5444786854701759,6
550,-0.7503478200243092,0.22779228086294231,6
551,0.5543247081981546,-0.6460148473214461,6
552,0.5398470531571108,-0.6763235299592613,6
553,-0.5897809188413534,0.5441702565619877,5
554,0.6019635147191182,-0.601954604756149,5
555,0.601963519973879,-0.6019545982376066,5
556,0.6999190376524301,-0.4169183960653862,6
557,0.6023432104027986,-0.6015414790801152,5
558,0.6999189829437705,-0.41691853803255335,6
559,0.7451020738408484,-0.2557343280755401,6
560,0.6993812546594922,-0.4261907836000784,5
561,0.00019901698230108395,-0.7855172998856611,5
562,-0.03227676547442586,-0.8042889732095119,5
563,0.5115860453391572,-0.05470596425177091,6
564,0.7451020576616061,-0.25573438625115513,6
565,0.6993812631693974,-0.426190765759058,5
566,-0.09082162111651261,-0.4805235390550427,6
567,-0.09082049514951186,-0.4805252890376295,6
568,0.5489392830393252,-0.24258270102079804,6
569,-0.039200592823228304,0.7852113493048315,6
570,0.8035070390440772,-0.2481305321746044,6
571,-0.039200590504266754,0.7852113488532937,6
572,0.8396281984900835,-0.3375692029983586,5
573,0.32823569005986425,-0.710195698383755,4
574,0.5865276556153975,-0.6452684802153837,6
575,0.723892764224956,-0.46813817171980815,6
576,0.364589712224858,-0.4444817584533685,4
577,0.05953970979634021,-0.767069397978,5
578,0.07227550523188198,-0.770764850204246,5
579,0.6661270126974412,-0.5547755944619371,6
580,0.5102505952937807,-0.6307415395866229,5
581,0.5102505959197629,-0.6307415389139654,5
582,0.47016975818595874,-0.660191285114203,5
583,0.7755171908311392,-0.46898096076973467,7
584,0.39268174103546943,-0.5344968772234312,7
585,-0.3285822026547986,0.010510590881858116,6
586,0.8381677592718497,-0.3029146009552192,7
587,-0.6239696312333672,-0.4936318641251037,5
588,0.0057226593280361015,0.8243540139592946,8
589,0.8691285866603957,-0.27764957118633404,7
590,0.1690832279524303,-0.7266795312749108,5
591,0.2855263983347598,0.4295874886469875,6
592,0.1690832178441552,-0.7266795381253425,5
593,0.38323837847341674,-0.7002005439172669,5
594,-0.7380550381394549,-0.16057813704333698,5
595,-0.17726522548888202,-0.7106651393047743,5
596,0.630642872182061,-0.602973093488542,6
597,0.6778923926702881,-0.5151505974102865,6
598,-0.06838326605229576,-0.6678969315497758,6
599,0.5259167179526748,-0.6756400849053148,6
600,-0.5825315121233036,-0.18338922131412025,4
601,0.5074727059463393,-0.6828758268594367,6
602,-0.711242440329171,-0.13118138699184553,5
603,0.5074727056652628,-0.6828758271150536,6
604,-0.27978492766997237,-0.7616608717115835,6
605,-0.29548008085251254,-0.4632695796781458,6
606,0.7815952050517962,0.33102500131657403,7
607,0.20131878347126833,-0.6213634850573067,6
608,0.13936668266958002,-0.7189436455246332,6
609,0.024522222357488015,0.7872762749511276,6
610,0.3540798564296446,-0.520558824906791,5
611,0.6230352632707606,-0.6110090870634073,5
612,-0.7830597306351735,0.1734305741942679,6
613,0.7791300290317033,-0.0750177361899215,5
614,0.24336352754443236,-0.4411785307949411,6
615,-0.13785323397261612,-0.5531404915871877,5
616,-0.13785325916363167,-0.5531403383798192,5
617,0.790601452916908,-0.42520081360413886,6
618,0.6681438154153913,-0.5275727579533096,5
619,0.6923706189517455,-0.5284659856215772,5
620,-0.35710537211080856,-0.6925627398333035,5
621,-0.39037700521825425,-0.6731456608846558,5
622,0.262433507030595,-0.7716097540482034,5
623,0.1704763891837586,0.7638642262018458,6
624,-0.6911477576740029,0.0010977019875731727,5
625,-0.691148713340458,0.0010970275707574738,5
626,-0.02356846610346151,-0.5485042477166944,5
627,-0.023568412271203577,-0.5485043406423354,5
628,0.12349939482233527,-0.7144185671109134,6
629,-0.5721941329267447,-0.5694187701573904,5
630,0.1234993962634537,-0.714418565783676,6
631,0.7151351881779926,-0.44760553688571264,5
632,-0.1073761170497524,0.511484767079358,6
633,-0.5582266092296047,-0.3015746799270472,4
634,-0.2779338985840651,-0.4740944174595309,5
635,-0.7619413134010719,-0.09529608855117452,5
636,-0.5080361914502619,-0.6133165030972835,5
637,-0.523757596384123,-0.5987890785833611,5
638,-0.68496192776784,0.12453901868578933,7
639,0.622506197145922,0.1362851169584986,6
640,0.2623049786387398,-0.6537186165251485,5
641,-0.10296321697594546,-0.6019609926813766,5
642,0.2623049800150786,-0.6537186150234451,5
643,-0.10296321446724427,-0.6019610084753467,5
644,0.2623049800667671,-0.6537186149670344,5
645,-0.21469621790635757,0.05754007638109087,7
646,-0.6312352702862872,0.22037786449276775,5
647,-0.5885626913327693,0.29114891095736595,4
648,0.6462044039549943,0.4993876320914864,7
649,0.10078802285740143,0.21592422299386535,6
650,0.5445595344737044,-0.6910250889435641,5
651,-0.5792250377043016,-0.4840537313549912,5
652,0.8728653384294641,0.013067223685348824,5
653,0.8806890677874025,-0.049916348940529175,6
654,0.4891446407755352,-0.6899507313493151,5
655,0.04289416840652029,-0.8050888512243568,5
656,0.5445595285640007,-0.6910250940863565,5
657,0.686071769964319,-0.550125486217317,7
658,-0.17869557166792296,0.13512780146601164,6
659,-0.6152805332300002,0.3660089847775632,4
660,-0.17869391721866731,0.13512905387952168,6
661,0.04364886131735563,-0.6244856972055396,5
662,-0.615814675882175,0.12020976432694981,6
663,0.8584415016792827,-0.29037999692822414,6
664,0.6418434759976608,-0.6123784301521745,5
665,-0.14987238948906428,-0.77098337286375,5
666,0.30067037284337833,-0.5220633095229605,6
667,0.67022445699472,-0.5884272391889611,6
668,0.4996917436394728,-0.38692599193494104,5
669,0.6702244542888308,-0.5884272426218472,6
670,0.0027780178772354985,0.23877453834017093,5
671,-0.2497719516187378,-0.4592003433720346,5
672,-0.5485598020670912,-0.5707997664461433,5
673,-0.24977164326379872,-0.4592005849529712,5
674,0.6536998233759798,-0.5860554095747077,6
675,0.7211633080511809,-0.4213337139973132,5
676,0.6536998251139955,-0.5860554073109373,6
677,-0.7049900842254962,-0.09885541053226073,5
678,-0.7541504802403854,-0.17001798401433874,5
679,0.636644673801236,-0.5803087647731837,5
680,0.5090351320214556,-0.687184686032795,5
681,0.23272274422802328,-0.4757922900352702,6
682,-0.17199931048772105,-0.5635747932456481,5
683,-0.249158912824661,0.45118088350238766,5
684,-0.5320322425316261,-0.5846157661867466,5
685,-0.24915765408497437,0.4511817994424268,5
686,-0.7124863282347493,-0.022920574337760936,5
687,-0.07784393442824011,-0.708258069450753,5
688,-0.6612023734401504,0.12918549887151198,5
689,0.605313540899546,-0.1093873682734277,5
690,-0.7066263706544248,0.3001016055233244,3
691,-0.6498596882913543,-0.3343140621037264,5
692,0.2920695938919531,-0.417065430475386,5
693,-0.21058845152918126,-0.7270735782684342,5
694,-0.22522146045323732,-0.7222070229444635,5
695,-0.22591197336831192,0.7716674733942992,6
696,-0.6842437286073858,0.20989084199285865,6
697,-0.6842437284867304,0.20989084212541612,6
698,-0.18574313705172033,-0.7370066938633044,5
699,0.8063533717546049,-0.3724136374352075,6
700,-0.2195621892896759,-0.7609079248632381,6
701,-0.6842437286372939,0.20989084196000188,6
702,-0.6867572976158203,0.2148494033729134,6
703,0.15601494037958843,-0.5016847941274528,4
704,-0.5278619443186436,-0.22597702828119498,4
705,-0.67827578451783,-0.2346824492527591,5
706,-0.7398938417070849,0.2535570712623346,5
707,-0.3974317015149674,0.47919638950283877,5
708,-0.07638968375714864,0.7848933750413811,6
709,0.7517343803322972,-0.36469639309555263,6
710,-0.15743613485446936,-0.7755822835733459,5
711,-0.2500325744737526,-0.694884528844009,5
712,-0.6346372053683116,-0.2926513755238974,5
713,0.058685518473468284,-0.6287099683810579,5
714,-0.39687405533991854,-0.6718418371270463,5
715,-0.5614226389691174,-0.39826220663964157,6
716,0.05868552760876263,-0.628709933997315,5
717,-0.36604076132267915,-0.6348414739237669,5
718,-0.38733567533806823,-0.49286627349807993,5
719,-0.7743569556953191,0.03542162126748002,5
720,-0.3873358281544178,-0.4928661708907667,5
721,-0.1815093351809876,-0.781594349289728,5
722,-0.29763730822954654,-0.5647269403527481,5
723,0.36977300875633234,-0.03586831033887252,5
724,-0.628463720446608,0.41478300322895206,4
725,-0.049887616769045295,-0.1910025755135515,5
726,-0.6391857616725855,0.17949346802888427,6
727,-0.5696648105060311,0.311346266584565,5
728,-0.5696648109223464,0.3113462663548881,5
729,-0.5246745139837533,0.6307007026141238,6
730,0.30364664188319174,-0.4707472601032416,5
731,-0.44471850709978944,0.1553383779364989,5
732,-0.7624442422203987,0.0764897869783454,5
733,-0.3419664213757021,-0.041544408189994615,5
734,-0.4700381675927411,-0.12589625373833252,5
735,-0.7347903309026557,-0.14755977533455908,5
736,-0.7347903309012513,-0.14755977533343015,5
737,-0.6297892757097928,-0.2070978058846715,6
738,-0.1132717069839866,-0.8078958176158386,5
739,-0.6427908102020945,-0.31574814228317233,5
740,-0.143251105896996,0.6645150413498366,6
741,-0.3009243574391116,-0.7203182157943485,5
742,-0.6871391298734036,0.189592514721253,5
743,0.3987842571052829,-0.7549882123095226,5
744,0.33907962946401604,-0.7783582030552231,5
745,-0.3945216164080768,0.23565913105381137,6
746,0.1630389246000189,-0.7180901874406403,6
747,0.2051965198304318,-0.7214046701365733,5
748,-0.3991030916855667,0.26775894200938366,6
749,-0.3945215980485085,0.2356591374691326,6
750,-0.6579121736607264,-0.38673226783241293,5
751,-0.657912173669145,-0.38673226781839387,5
752,-0.6868337449736598,-0.30172764775354394,5
753,-0.6579121736567619,-0.38673226785112247,5
754,0.36022710654103535,-0.2753915502063684,6
755,-0.7310466545255735,0.3198908004075855,6
756,-0.6564365520577564,0.4666646893565057,6
757,-0.7535107415744607,-0.1381142529351839,5
758,-0.7535107415743395,-0.13811425293853427,5
759,-0.18557564946005126,-0.7504204461721321,5
760,-0.2121580432171973,-0.7548222360835573,5
761,-0.0766387344339405,-0.6629860459530955,5
762,-0.6450062372666673,-0.04646132525128335,6
763,-0.07663875152959435,-0.6629860224699464,5
764,-0.46596746163707287,-0.5114000496521378,6
765,-0.47506076789601065,-0.5287740240419045,6
766,-0.2197678484705728,-0.7954015596019588,5
767,-0.4636831357013372,-0.46804208365191463,5
768,-0.7735278674228342,0.017520888559425345,6
769,-0.7485555679267476,0.050801393821272904,5
770,-0.7735278714092967,0.017520901555651128,6
771,-0.43206209488480274,-0.6541093184743403,5
772,-0.32340984941783807,-0.7018104170585219,5
773,0.4051850835691221,-0.1819129032524137,6
774,0.3972959565719167,-0.17907397351292492,6
775,-0.7563089674382442,0.17608754724257134,5
776,-0.4744417799657378,0.09573481452654255,6
777,-0.25118805384337595,0.23130967073217412,6
778,0.5166300830140809,0.026098018172165977,5
779,-0.7462181529044578,0.009692064379508342,5
780,-0.6063221340734725,-0.15832531691710902,6
781,-0.4289987190734421,0.3946482839178804,5
782,-0.7305971073202858,-0.3106721033731117,5
783,-0.42899873008961276,0.39464827589343676,5
784,-0.7695063515172349,0.10116061726381834,5
785,0.45393655088120777,-0.7089490005086979,5
786,0.45393654999943817,-0.7089490012368407,5
787,0.12812220231099847,-0.7998300989629586,6
788,0.12812220169366195,-0.7998300991180597,6
789,-0.33837940851079035,-0.7420344866647028,5
790,0.150135238938525,-0.4406091551446709,6
791,-0.46246467227288524,-0.6473710124025319,5
792,-0.7822163719312204,-0.0032365875478314885,6
793,-0.47263869867330227,0.532542295643092,5
794,0.8510466217605841,0.2111953122594181,6
795,0.3212410957483836,-0.575057063745072,5
796,0.23598147135071884,-0.7983290096613186,5
797,0.7681738562036298,0.2506531023675371,7
798,0.5791417112955358,-0.30016032719747765,6
799,0.5791418200523777,-0.30016003106099653,6
800,-0.6651778724313461,-0.44389437286767286,5
801,-0.15643767502900244,-0.4331441684268604,5
802,-0.1583625562161847,0.7961603694716409,7
803,-0.6287679138911537,-0.4082328855204916,6
804,0.3253944027340757,-0.41186303862776946,6
805,0.6108408934870787,0.6120442100452279,7
806,0.688283527725221,0.5361415785280461,7
807,0.610840886965839,0.6120442172384345,7
808,0.0848265159928145,-0.15857669177779785,5
809,0.6346599194075776,-0.11092781225759837,6
810,-0.17177532111906646,0.5959462105896537,5
811,0.7332304042334317,-0.4725316907888628,6
812,0.7493595452898377,-0.41209207589747865,5
813,0.20211972816799445,0.7684850349824314,4
814,0.8139868479522517,-0.3684863427230261,6
815,0.7493595596303905,-0.4120920455567925,5
816,0.43639462081215014,-0.576483681389132,6
817,0.8211182282648172,0.27853896232296227,6
818,-0.7994695495641031,-0.1332396404263942,5
819,-0.28365294809639974,-0.6658650775624769,5
820,-0.7570178326771873,0.18616055516777508,5
821,-0.08014849971023622,0.8242006562153541,7
822,-0.566736089901678,0.36475786394413245,5
823,-0.5667360866460118,0.36475786646028197,5
824,0.439818653141617,0.1000840393225977,5
825,-0.3495528738733272,0.6064226728254254,5
826,0.5690238992764888,0.5845994572254284,7
827,-0.34955284756122684,0.6064226760207688,5
828,-0.09821899978094058,0.8031851876471592,8
829,-0.33683886274869324,0.748985828794261,6
830,-0.4683400287074957,0.5196561707947183,4
831,-0.33683886269090796,0.7489858288108224,6
832,0.38354241663413446,-0.38939879686199275,3
833,0.4070295758440709,-0.47534610609298894,4
834,-0.4415224077901652,-0.3792597657841349,5
835,-0.7654240589901944,-0.1293122446664189,5
836,0.16354690460857307,0.6696565921501966,7
837,0.16354702769113943,0.6696549940394246,7
838,0.8736157860433402,0.0747604652141606,7
839,-0.6443039023573608,0.38402639044518777,5
840,0.8909177326749101,0.04423394721190862,7
841,-0.7082322370008985,0.3978498701455807,5
842,0.5467923271043507,-0.45119758031709445,6
843,-0.5047295109374017,-0.5208704827843025,5
844,0.8386084533800751,0.003436202401253147,6
845,-0.5869991655391198,0.3743756998034335,5
846,-0.5869991651863912,0.3743757001067138,5
847,-0.6547935118942613,0.20558132453883163,6
848,-0.5869991653210749,0.3743756999909134,5
849,-0.5704414159731074,0.36951870500238265,5
850,0.5965252279338644,-0.49138453199873006,5
851,0.5965252531347593,-0.491384498698501,5
852,0.1021026397727507,-0.48829980283820124,5
853,0.2925140904838754,0.46039986157752194,6
854,0.29251409048901356,0.46039986045163295,6
855,-0.38919288247206635,0.6984527971202658,7
856,0.2925140938742766,0.46039890331791034,6
857,0.5881609068818341,0.5705893382398516,7
858,0.8438133176512139,-0.2753609747984815,7
859,0.004324655628728379,0.8128499676046189,6
860,-0.7667565343491789,-0.034167185654964995,5
861,-0.2642144067149979,0.5924433764594657,6
862,0.5610035550767276,0.09840369528305835,5
863,-0.773755193363334,-0.001456572784022932,5
864,-0.7667565343484825,-0.0341671856624178,5
865,-0.7737841203038767,-0.008150380603318328,5
866,0.10279226898854239,0.8175690465280251,6
867,0.11043475873905931,0.8096024503622105,6
868,0.004324652354229971,0.8128499679929709,6
869,-0.5918627615303962,0.5525443037076452,6
870,-0.43170609859393805,0.6848176838922044,6
871,-0.540605875851003,0.5397444094021723,5
872,-0.06586506292131551,0.46052215360180687,4
873,0.861923531866345,0.18317947652689215,7
874,0.8924324490433589,-0.01820959919939011,7
875,0.7894484354124109,0.3736472305090501,7
876,-0.27443456836435154,0.7460544147568656,4
877,-0.43170600054464636,0.6848177271570988,6
878,-0.4364913283998078,-0.6418348706337025,6
879,-0.7668893712956132,-0.01374535258638566,5
880,0.22184214974191607,-0.6700564643603936,5
881,-0.5301639798945504,0.6114576800120595,6
882,0.6347187613425574,0.44235559834529525,6
883,-0.7668893712607748,-0.013745352721207714,5
884,-0.4364906435951113,-0.6418348629655722,6
885,-0.5469719898709353,-0.07631520161669762,5
886,-0.5576691827396539,-0.11165666098121547,6
887,0.7358484884719818,0.25937554018095815,7
888,-0.5206499517846391,0.6101076352710139,6
889,-0.18650444855179055,-0.7747605084440459,5
890,-0.045418198135799295,0.5021154635065227,5
891,-0.7795691668290776,0.037141594702051126,5
892,0.47548052524272927,-0.6358784779365967,6
893,-0.7795691666206561,0.037141596452726425,5
894,-0.7750738325295841,0.051311006370859856,6
895,-0.6222284860024186,0.5295898092134909,6
896,0.5987904568704913,0.6256725137216862,7
897,-0.6222284765864876,0.5295898179134929,6
898,0.5987904567548573,0.6256725138453845,7
899,-0.6663039769402347,0.1512185336688215,3
900,0.6303522608930161,0.5536764549188081,5
901,-0.5443923675413772,0.5163835143279973,7
902,-0.5443923676231173,0.5163835142804503,7
903,-0.28036316419203783,0.5249486111259367,7
904,-0.28039401139195225,0.5249363257161692,7
905,-0.3041398743793255,-0.7355197976162298,5
906,-0.1051095292160959,0.6576684122387816,5
907,-0.3582782190655526,0.7147685244571634,6
908,-0.4094538254601086,0.5924378223206997,6
909,0.5570150325405003,0.6253890421181713,6
910,0.7487709696865379,0.37277102463149736,6
911,0.6210200587364323,-0.11686510997218633,6
912,0.7607804125144924,0.29981728375773037,6
913,0.7863518193759278,0.2887673030378808,7
914,0.5570150136752942,0.6253890651191395,6
915,0.7682097613182859,0.4138107356870845,6
916,-0.46462693820349255,0.599170912485771,5
917,0.06341481002258034,0.10013843886354948,6
918,0.37755142722190754,0.4042529325541704,6
919,-0.050361487565729376,0.7296583871076953,6
920,0.7578326955620354,-0.3642956015288686,5
921,0.3775507735329444,0.40430048643832667,6
922,-0.05036116848234585,0.7296582779609255,6
923,0.06341386386055228,0.10013532152978401,6
924,0.7109941753557137,0.44731210851811365,5
925,0.2738360415410119,0.4984467245033559,7
926,0.2514344801709514,0.22948282060774433,6
927,-0.41335706163145736,-0.694240515420059,4
928,0.7109931469378266,0.4473146371881235,5
929,0.6922514292510444,0.5342279786099015,7
930,-0.5032909753675894,0.4969185472250239,5
931,-0.707722586864067,0.20566932107039745,5
932,-0.27507970476366483,-0.15962940777580856,6
933,-0.7077225870959044,0.2056693208106133,5
934,-0.5032909753564747,0.4969185472336055,5
935,0.541452219172353,0.5866037051374469,6
936,0.5414522400064526,0.5866036772183835,6
937,0.6297891162120374,-0.5398401287157886,4
938,0.3743388636812339,0.7566515108704919,7
939,-0.15007227064417983,0.7682212190755766,5
940,0.7380577597038005,0.46573883281746176,7
941,0.7919182979609051,0.3024519555268454,7
942,0.6065507073370697,-0.6341885069340961,7
943,0.3974711493151225,-0.7242529451580192,7
944,0.7410136810732166,0.4557140981814684,7
945,0.8933926629053154,0.010842125949912325,7
946,0.86836429765459,0.1706002739878834,7
947,0.7194798771385315,0.48914805276556755,7
948,0.7275994714958386,0.44360861569680177,7
949,0.727599471849654,0.44360861492712067,7
950,0.7275994739614035,0.4436086103332701,7
951,0.7194798836671046,0.4891480425154388,7
952,0.7578271990984627,0.41686279625107076,7
953,0.8380920344961001,0.2804329786569502,7
954,0.3823248302364218,0.7044223316877688,6
955,0.8026449546539112,0.12881661666711267,5
956,0.8087561742510335,0.24316499356167565,6
957,0.8380285095450153,0.07478241669532754,6
958,-0.361870341344034,0.735081791572728,7
959,-0.7023704672728377,0.07262567211711021,5
960,0.6598779908087408,0.4317873682921752,6
961,-0.5903879421739653,-0.034293521416569,5
962,-0.5969906451094251,0.23698317520082793,5
963,0.8616974470848073,0.19767655116527913,6
964,0.659877863931999,0.43178765458060897,6
965,0.5918619326296409,0.5291637590125399,6
966,0.8564825631027221,0.16281280686428712,7
967,-0.40778386681321677,-0.6972674643424825,5
968,0.5931163295492927,0.5288503181821869,6
969,-0.5430515835218855,0.45871807169655476,5
970,0.8537733160651405,0.05286252872071287,6
971,0.8537733157192094,0.05286253087893958,6
972,0.8843964499929328,0.06222547773972538,7
973,0.5173708907063765,0.45576174350965437,5
974,0.6888883268009456,0.35553408554376975,7
975,-0.3602756002737864,-0.2442995435888949,5
976,-0.3602771352529366,-0.2443017625105247,5
977,-0.32731351069148773,-0.7314157919127048,5
978,0.3662799685139588,0.7011480318748132,7
979,0.7926964568276648,-0.3388041313724748,5
980,0.67901706384509,-0.06443849412161266,6
981,-0.3372962713861069,-0.40724639203116864,5
982,0.13733796651738517,0.7373371622112058,6
983,0.6790170682926744,-0.06443864768142629,6
984,0.792696451154149,-0.33880414359870825,5
985,-0.35005853100376444,0.6981488008801399,6
986,0.8413451303251104,0.19709885804194666,7
987,-0.2742674861677619,-0.1836659939001033,5
988,-0.0892670047648573,-0.6782722798555421,5
989,0.8747937135117253,-0.04894681205822319,6
990,-0.0892670679912221,-0.6782721324765846,5
991,-0.2797903986182786,-0.165573644698107,5
992,-0.5130444645638643,0.08048794329051726,6
993,-0.2797931129676616,-0.16558230870024424,5
994,0.26554205041222667,-0.7879986622093498,5
995,-0.7599121406208584,0.19795980600655017,6
996,-0.27323200334178466,0.7647960701666152,7
997,-0.27323200295903943,0.7647960702454063,7
998,-0.0456885288018851,-0.5744155355981817,6
999,-0.18782164256269762,0.8000230660247983,6
1000,0.32370240354839425,0.7516983338798872,7
1001,0.6789586565331124,0.051505231264899524,7
1002,0.763265478165489,0.43366007709643567,7
1003,0.35864203169787706,0.7571025712718579,7
1004,0.20316626340717558,0.0012448425392593487,5
1005,0.35864203389027455,0.7571025701527694,7
1006,0.7632654781273446,0.4336600771659179,7
1007,0.7692355788258111,0.4259353897790373,7
1008,0.7938887494570288,0.38381857331239166,7
1009,0.5971446286878196,-0.5008992089326528,5
1010,0.7131753587409877,0.4832563495927673,7
1011,0.8806813235911373,-0.09710619138973306,6
1012,-0.7290939478751046,-0.1492077818113869,5
1013,-0.7740135178183802,0.19630199987142766,6
1014,0.24144855796842832,0.6547935434404819,6
1015,0.9084962106378013,-0.04275378088047287,6
1016,0.6862894350305465,0.5411038173951482,7
1017,0.47920356381992024,0.4850091343862958,6
1018,0.4792053332523518,0.48498071344602417,6
1019,-0.38789169016830544,0.5925621763919958,5
1020,0.8649236584271056,-0.024001276591908382,6
1021,0.8649236452435042,-0.02400163372251664,6
1022,-0.2918983696460025,0.6473699070899434,5
1023,0.7051135564716361,0.47009184554004696,6
1024,-0.5901984708472828,0.49755225477534826,7
1025,-0.757833100616336,-0.09114263513852695,6
1026,0.3705417237947927,0.7404918265198004,6
1027,-0.5678174430443389,0.6017587328006514,5
1028,-0.09349068612504105,0.28893468253738136,6
1029,-0.5901984729026252,0.49755225345224136,7
1030,-0.35242288179553544,0.726770132963874,7
1031,-0.35941901580509095,0.7094049523941971,7
1032,-0.6562383423220907,-0.11684938815101391,5
1033,-0.6527750618073456,0.4675703128771483,6
1034,-0.5013349711016514,-0.6005899595326637,6
1035,0.8634873848475999,-0.2221222271262144,7
1036,0.47691583820223865,0.6783295435695522,7
1037,-0.7832718629331672,-0.13880048821710772,5
1038,0.5771861529047241,0.5550871941799058,7
1039,0.3839933186048017,0.5794561369804789,6
1040,-0.7404220900700587,0.24328180861264345,5
1041,-0.41004917722168577,0.5618790438471629,6
1042,0.3839937524424224,0.5794552577404751,6
1043,0.5241289035130604,0.03762865004117449,7
1044,0.25157637949941736,0.7838329281345167,6
1045,-0.16620097303596187,0.7292474939573531,6
1046,-0.76652103705958,0.24588965389882234,6
1047,-0.3212578771619729,0.5607953195502374,5
1048,0.7993736494609937,0.06507371761000855,6
1049,0.809565420742205,0.022532118453060808,6
1050,-0.3212523835401945,0.5607983272872423,5
1051,0.3968476126315118,-0.26984731668729134,5
1052,-0.22848691563789694,0.7975126105958619,5
1053,0.5807793706216934,0.6391753012166637,7
1054,-0.12732792984541202,-0.7938040449472618,6
1055,-0.12732792947824378,-0.793804044932245,6
1056,0.7859160576917413,0.2681364919496657,7
1057,-0.18756530489630382,-0.7641449409778162,5
1058,0.8243400370525449,-0.013840028631189629,7
1059,0.7859159485885509,0.26813701500157605,7
1060,0.8174774000498657,-0.35003512169655043,6
1061,0.7740148412529663,0.406553737857644,8
1062,0.7380409847300277,0.41029339189208275,6
1063,0.8829672634762953,0.11879685456668175,6
1064,-0.09338834606002319,0.72297622583381,6
1065,-0.401508827794099,0.21717249904338337,6
1066,-0.013271717921096127,0.8379317984500662,7
1067,0.9017819408674026,-0.1295631882074856,7
1068,0.9017819427157985,-0.12956317458250127,7
1069,-0.21850408200606805,0.0982126935790122,5
1070,0.8274436940388051,0.24639894050834577,7
1071,-0.5005399578387046,-0.5643866631499731,5
1072,-0.2542021793000007,-0.2064611150387666,6
1073,-0.14904915046278022,0.07447162840437671,6
1074,-0.500539776330046,-0.5643866265801043,5
1075,0.3008071291019355,0.22116612768145869,7
1076,0.8986741834439824,0.0837553375057296,6
1077,0.720420347129917,-0.010833321443370418,5
1078,0.7204203468804805,-0.010833340509130656,5
1079,0.2450871762312379,0.0913802626279553,7
1080,0.86147942092553,0.14175455302797652,6
1081,0.14060612614237752,-0.1611659113575941,7
1082,-0.23964080462878834,-0.1497952963908389,6
1083,0.5337212602343366,0.5742587331789724,6
1084,-0.2402700851815076,-0.15143936393772958,6
1085,-0.49869030679357995,-0.43590621400659674,5
1086,0.6716298992816626,0.3349778037418031,7
1087,0.6669922872955372,0.5188682171590068,6
1088,0.7115590660513506,-0.530436272452869,7
1089,0.711559018727087,-0.5304363425910565,7
1090,0.7067390335432198,0.12819758619303345,8
1091,0.6593850961262758,0.511348695011241,6
1092,-0.20726306846553097,0.7894642535543867,6
1093,0.7520251342818011,0.43660949155140216,7
1094,-0.500472720227682,0.3232605222022664,6
1095,0.774395694462237,-0.3823525034819416,5
1096,-0.500474357347767,0.32325488456777346,6
1097,0.4231958252739765,-0.6187794116035527,5
1098,0.6813008639491147,0.4342452049566574,7
1099,0.4231958218527025,-0.6187794171963363,5
1100,0.7044434088961307,0.4965032537870966,6
1101,0.21637325510334685,0.8087171004329999,6
1102,-0.290280071828968,0.7666717036448807,6
1103,0.21637325531583504,0.8087171003619531,6
1104,0.4207321588307198,0.7348826423241056,6
1105,0.04321867008421493,0.8140729589813864,5
1106,0.7125969945924743,0.49435216125694764,6
1107,0.7967357584738286,0.38378589324803847,7
1108,-0.604538494560301,-0.17275429421253666,5
1109,0.5590302354109515,-0.5702847741915695,6
1110,-0.27608278550867377,0.21551587527146893,6
1111,-0.14554495041051377,0.769247638117979,7
1112,0.674182579998425,0.5117203438260371,6
1113,0.8016806196052745,-0.3864362245824519,6
1114,0.16033754092932542,0.794001435917275,6
1115,-0.5015917080702407,0.6409409037980092,6
1116,-0.5015917073077016,0.6409409043254733,6
1117,-0.5015917070371947,0.6409409045125886,6
1118,0.21344404692065702,0.8032612037289143,6
1119,-0.22220365909331624,0.7979707566962848,5
1120,0.4495018678215049,0.7178067215148212,8
1121,-0.18504733494320116,0.8012566932440439,6
1122,-0.17456317361744864,0.7912127354749006,6
1123,0.8671609951992406,-0.18962359314398475,6
1124,-0.3564770007876315,0.691876333005507,4
1125,0.8179102966155867,0.32862834543733505,7
1126,0.2834354911228131,0.787792445019685,6
1127,-0.5474742979254119,0.6302655342210712,6
1128,0.19098173026545398,-0.7959680553756991,5
1129,0.5497765747101401,-0.6640094622235233,6
1130,0.09356813436892657,-0.28159325232331595,6
1131,-0.09375697242968223,0.1626500389169431,5
1132,0.39249442581269905,0.7533608709452487,7
1133,0.01645516056199214,0.6097190195087469,7
1134,0.7306250618079649,0.472506414668687,7
1135,0.5038364220889501,0.6259768587484612,6
1136,0.8468866879383468,-0.082383970989786,6
1137,0.8468866884981225,-0.08238396384720532,6
1138,-0.28101286410218823,-0.7293355758917949,5
1139,-0.37170111473383116,-0.6093100493760374,6
1140,-0.25823293285260596,-0.21840716251485542,6
1141,0.5478043205857303,0.4432649413391538,6
1142,0.14753762537776358,0.8215757244962523,6
1143,0.22840529599832046,0.5576280000173136,6
1144,-0.03015728282592923,0.42247015302849,5
1145,0.3984375728740367,0.4591667754904482,6
1146,0.15959086285730725,0.1474942261590012,6
1147,0.724084319005827,0.09254109040777073,7
1148,0.5529684960074114,0.627414961346038,6
1149,0.8313463561500348,0.19869296643538897,6
1150,0.6193188834116167,0.6048212461686258,7
1151,-0.09119637082245816,0.8091172079022942,6
1152,0.0002116096637357229,-0.7439192606360232,5
1153,0.8818406517645389,0.08300866076297547,6
1154,-0.4578477306035245,0.6008996197682626,6
1155,0.0002114482133149583,-0.7439193772195429,5
1156,0.4814214680895343,0.4834717092580994,7
1157,-0.005303832406380275,0.8018918845653525,7
1158,0.35486945466016206,0.5889571872341702,6
1159,0.8479171475668279,-0.32291696046797486,5
1160,0.8988118189064144,-0.14510827507860277,7
1161,0.8380608332416297,0.008713192602053495,6
1162,0.8137751953920419,0.37328044328500004,7
1163,-0.35425372497488145,-0.18371514116613477,5
1164,-0.35425438767290934,-0.183714523292676,5
1165,0.39975207922091033,-0.2974749445866373,5
1166,0.5532246064812439,-0.530197571430726,5
1167,0.5364937835627093,0.6409319654004886,7
1168,0.42650136819744866,0.7144884560667624,6
1169,0.3717659911592873,0.7284664956936445,6
1170,0.8745876244270181,-0.10614912237418817,6
1171,-0.5470514412849109,0.6091698159721349,6
1172,0.8197000709972295,0.28843156574479917,6
1173,-0.14214490712023944,-0.08796929541903711,6
1174,-0.1420112388279322,-0.0876252188677903,6
1175,-0.4678060499345276,0.6175267126106319,6
1176,-0.6729018867279533,0.4515882162242924,4
1177,-0.07205915795396221,0.8158102304306242,7
1178,-0.5709874063813436,0.5858353226925639,5
1179,0.7743956125336681,0.3777996882988372,6
1180,0.7743956130924702,0.37779968708946654,6
1181,0.8156169206942316,0.17118870865053057,5
1182,0.4518688922562684,0.12547054350776665,6
1183,-0.8040135747521227,-0.12155750478280088,5
1184,-0.3223733154646075,0.34387151046575126,5
1185,0.2492684880842006,0.7581048391721718,6
1186,-0.323109322680658,0.5761373860365749,5
1187,0.24926848750466588,0.7581048394468584,6
1188,-0.3221174172379059,0.3444816678125944,5
1189,-0.6933755478973976,-0.12268906537898093,4
1190,0.7711315632729586,0.3066968591391116,6
1191,-0.6397395940250554,0.4191991502561228,5
1192,0.38534279129361215,0.7354452358850128,7
1193,-0.6399074180179523,0.42096679367626416,5
1194,-0.7537484722100753,-0.28591386198281254,6
1195,-0.4495664015574739,0.3048286327692608,6
1196,-0.4509009129783453,-0.6533444768634716,6
1197,0.2552642022384771,0.034949285213389567,6
1198,0.5956439957865789,0.3740725395972222,6
1199,-0.45090091286686024,-0.6533444769220986,6
1200,0.2554212521158767,0.03543465069439823,6
1201,0.6719976827152124,0.5183487463361554,7
1202,0.6454501412438676,0.5427418138376641,8
1203,-0.31926301093952747,-0.7335060280489897,5
1204,0.4469107326518254,0.637322410192019,7
1205,0.44691073265230025,0.6373224101914151,7
1206,0.4469107326542104,0.6373224101889869,7
1207,0.31337562399399493,-0.3926112261451069,5
1208,0.4469107326549161,0.6373224101880898,7
1209,0.32339122346150057,0.7374234343979077,7
1210,-0.5769553224170342,0.5580189506930737,6
1211,-0.5795118121958001,-0.06904045154771737,5
1212,-0.576955321083153,0.5580189519721654,6
1213,0.8847634824914545,-0.1550639942952994,6
1214,0.8349736908344946,-0.29663613874528827,6
1215,0.7562535051795072,0.35112834636649215,6
1216,-0.2545185273043352,-0.637205309195557,6
1217,0.4044950588443368,0.6012357628476794,6
1218,0.8598906875984539,0.1958695537815937,6
1219,0.667464577750169,0.34091433889117456,6
1220,0.8801112943659217,-0.04363291617554442,6
1221,0.8801112942515399,-0.04363292564659224,6
1222,-0.4802717204525947,-0.5666644654114618,6
1223,0.8814176795324229,0.15355476583418723,6
1224,0.7720170872847824,-0.44336590029188877,6
1225,0.015517603194683498,-0.8206968343234784,5
1226,-0.45352113097299585,-0.6397457688821356,5
1227,0.28004389547096925,-0.5685041669314363,5
1228,-0.11723390896044197,0.8070131104950966,7
1229,-0.25952677932435125,-0.3270319391100116,5
1230,0.5467423647577432,0.6256420479999363,6
1231,-0.8051755420960771,0.10188605873527762,5
1232,-0.2595217456618545,-0.32702071251456954,5
1233,0.6376606556133251,-0.47670390567325754,4
1234,-0.24410106613776164,0.7648221969392828,6
1235,0.18699959147002668,0.30504267825956927,4
1236,-0.5908627965808747,-0.0940457558671814,6
1237,-0.24410095131467066,0.7648222117756214,6
1238,-0.7223099263286573,-0.09066514962431556,4
1239,-0.3841697125615545,0.7075705036447137,4
1240,-0.48751941778963004,-0.5488518029843389,5
1241,0.39447950472156695,-0.7332421887127228,5
1242,0.6690635622904276,0.5182155344640746,6
1243,-0.40264514614015534,-0.5659823074556677,5
1244,-0.15125886146177372,-0.1101565001406229,6
1245,-0.421226007733098,0.5956756347641652,5
1246,-0.735197501143156,-0.29384121696655424,5
1247,-0.42122600804037286,0.5956756344200281,5
1248,0.21208266129254844,0.7770859300171482,6
1249,-0.551849271171981,0.613431034745505,6
1250,-0.5518492846968744,0.6134310259600729,6
1251,-0.7344930158397891,-0.2777227887760315,5
1252,-0.6919878701114541,0.2550089616558066,5
1253,-0.6694786812055571,0.22703647552317718,5
1254,-0.6156418003712559,0.5122771494368721,5
1255,-0.551342001280458,0.6096577343472428,5
1256,-0.4308532787508322,-0.539229549228006,5
1257,0.003356161139336153,0.5514269708235251,6
1258,-0.5130816706996525,0.6410529638282993,6
1259,-0.5130816695472304,0.641052964544858,6
1260,0.3200417200497434,-0.3547350155901658,5
1261,-0.645060140458075,0.49467758325964317,4
1262,0.20430471503859451,-0.7737445503927219,5
1263,-0.7364428149543256,-0.10106085501265377,4
1264,0.3771528492617578,0.7093162607879087,6
1265,-0.6687752055638309,0.48356714290725505,6
1266,-0.6687752054887649,0.4835671429982028,6
1267,0.9016710816693316,0.011559411716845616,6
1268,-0.2799691527755801,0.10894798530043244,6
1269,-0.03968959856291511,0.8185669327430887,8
1270,-0.07127155659873573,0.820068342826475,6
1271,0.02545790233129037,0.7755272055854087,6
1272,-0.38236286940600006,0.7166753680498889,5
1273,-0.4304401599866283,-0.5464402298941194,5
1274,-0.12720406881653276,0.7236051946879061,6
1275,-0.5794403250641178,-0.5470484110219903,6
1276,0.5950273584757091,0.4060333390900623,4
1277,-0.6709894756733963,0.17986539733359413,6
1278,-0.5794403250472636,-0.5470484110370719,6
1279,0.8726581527058778,0.15477434940310092,7
1280,-0.21066544113157656,0.5969515941068546,6
1281,-0.21066543684432673,0.5969515973109175,6
1282,-0.5976919246506855,0.4407557280716183,6
1283,-0.3620896599272802,-0.7301628339742069,6
1284,-0.07696435810595477,0.7977852326533194,5
1285,0.7324185297852134,-0.4760365594139876,5
1286,0.5112849274864527,0.6602519615863226,6
1287,0.15006905297732084,0.7588570055445092,5
1288,0.010596998045089984,-0.1586684712363146,5
1289,0.010540981106724601,-0.15881823625139715,5
1290,-0.5234546788204834,0.5455430585670966,5
1291,-0.4497951792579187,0.4422290986205721,6
1292,-0.05360377394949971,0.8177445984003382,6
1293,-0.7266998781001637,0.07054764462114417,4
1294,-0.447240673687112,0.4438748235483489,6
1295,-0.6921510814186538,-0.32226610357274404,5
1296,-0.6921330278335169,-0.32226030702053227,5
1297,0.014286877397892965,0.8311324508733257,6
1298,-0.22819364367760858,0.7984983003778892,6
1299,-0.7333928884728426,0.20727638432861684,3
1300,-0.37244640266305673,0.7242919097966841,6
1301,-0.5870630838250204,0.5701045816338828,6
1302,0.7788032350824632,0.347526735106237,6
1303,0.4673056734764259,0.5581659076728778,5
1304,-0.5969141523412227,-0.5360002832856764,5
1305,-0.6288261206061951,-0.4251087717255163,5
1306,-0.3356016889205274,-0.7160569279147808,5
1307,-0.5179198762736266,0.6105690017992962,4
1308,-0.3356016889223869,-0.7160569279143649,5
1309,-0.7391043880415478,-0.26298317341563365,5
1310,-0.6288261208641164,-0.4251087714583647,5
1311,0.08579326886971937,0.8283452514623307,6
1312,-0.7345899811405561,0.05695598913063547,5
1313,-0.1433802927624003,0.46344663345623716,6
1314,-0.16295517683560604,0.4131473635004234,6
1315,-0.5792316319989357,-0.5138525492438594,6
1316,-0.39484140190844186,0.6969005665427993,6
1317,0.887783317969679,0.09930876222971212,6
1318,-0.5792316314041893,-0.513852549666981,6
1319,0.3079614693816811,-0.4228023714594696,6
1320,-0.05778194163864462,-0.7986006345207445,5
1321,-0.3984200148075423,0.6965412041486148,6
1322,0.804880992475919,0.3269277106929132,5
1323,0.7784705926478572,0.27581396606594216,7
1324,-0.11806068936999221,0.7763696316701062,6
1325,-0.1180606901903346,0.7763696316874955,6
1326,-0.1180606905668038,0.7763696316954727,6
1327,-0.11806069068307266,0.7763696316979375,6
1328,-0.786942042059122,0.10824329280218171,5
1329,-0.6117946546148688,-0.4660669862401603,6
1330,-0.6117946546256424,-0.4660669862306863,6
1331,-0.6824800658775817,-0.4091983917954191,5
1332,0.3390675052314914,-0.7328966058201369,6
1333,-0.343761692888695,-0.6859929208175202,5
1334,-0.6830236614456138,0.16540672334402584,5
1335,-0.16234294883494674,0.8155524453758575,6
1336,-0.7097380870959105,0.39353269827161347,5
1337,-0.7097380872110842,0.3935326980899068,5
1338,-0.709738087119783,0.3935326982339508,5
1339,-0.5477239536154638,0.5756093295478881,6
1340,-0.5477239466092928,0.5756093336794433,6
1341,-0.5477239540272676,0.5756093293050457,6
1342,-0.6604102970299479,0.4249510952407702,6
1343,-0.5477239484379877,0.575609332601058,6
1344,0.7755466069871466,-0.4110047155792569,5
1345,0.6918761620531894,-0.082142329054485,6
1346,-0.36584277494927253,0.7183059494167757,5
1347,-0.7354779618781128,0.08701591957459916,5
1348,-0.7354779619240074,0.08701591963107784,5
1349,-0.5982685893804475,0.5675618067691914,5
1350,-0.4555927408955393,-0.4372767858440117,5
1351,-0.2590648102427651,0.763967541042365,6
1352,-0.7861497490135552,0.044849309951592496,5
1353,-0.7861497488373321,0.04484931123421909,5
1354,-0.7164176997575475,0.3216751913412355,5
1355,0.11105376629843534,0.6300440118310153,5
1356,0.09584789278102877,0.638491761623,5
1357,-0.2238169507575408,0.6473274732647846,6
1358,-0.6061546961931035,-0.43885269793299914,5
1359,0.7021757723273748,-0.5109434788935046,6
1360,0.601926377513341,-0.2933569752561926,5
1361,-0.7672259379387356,-0.11587810662632267,5
1362,0.7021757769452003,-0.5109434712669256,6
1363,-0.6712893593547978,-0.3352750643295591,4
1364,-0.3680874937625762,0.7171055356712981,6
1365,-0.20899135297540075,-0.6882330484001364,5
1366,-0.7798857959679153,-0.13695505604651623,5
1367,0.26535274507297824,0.17975266419627675,6
1368,-0.6066273747776089,-0.47558600685443736,6
1369,-0.5528102033939419,0.5449119384776359,4
1370,0.20283901170383856,-0.3941738521495674,5
1371,0.649745682768558,0.414927163767924,6
1372,0.20285352834089304,-0.39412132033479114,5
1373,-0.6147755408940001,-0.506443530822276,5
1374,-0.5765732774129053,0.04713727857621014,3
1375,-0.5238672543708596,-0.5145857097518668,5
1376,-0.5223520472227414,-0.30331565002396993,5
1377,-0.2292995131226444,0.7446149580598944,6
1378,-0.5399607653551179,0.17803874236760336,6
1379,-0.5118053066166385,0.6309083955984229,6
1380,-0.5118053060831442,0.6309083960419835,6
1381,-0.7492160849712033,0.14478795629009014,5
1382,-0.6051688013006132,-0.465941878310507,5
1383,-0.605168801178816,-0.4659418784155764,5
1384,-0.6926549565950726,-0.4143949732120847,5
1385,-0.5922809413010806,-0.5294019466431018,5
1386,-0.7278369260611547,0.04607114949245824,5
1387,-0.7278369333382786,0.04607117387986299,5
1388,-0.11697880540274311,0.16467794520807294,5
1389,-0.5507557470432763,-0.508194395208455,5
1390,-0.2025399921462318,0.8017484098027269,6
1391,-0.2176211684786988,0.5845152651940232,5
1392,-0.6030362639449618,0.18177762509552806,5
1393,-0.5026466262376353,-0.37049661677091283,5
1394,-0.7080218879459858,-0.3180658885022284,5
1395,-0.4105383348322812,-0.1536827931504433,6
1396,-0.38752532722853666,-0.16361011451228377,5
1397,-0.5836733694636552,-0.47087709119924526,5
1398,-0.6035072164074784,0.4517156271280861,7
1399,-0.4610314086766464,0.6552466809275047,6
1400,-0.5920794097588986,-0.4967551700681226,5
1401,-0.592079432194336,-0.4967551539476459,5
1402,0.585016384166142,0.575787973321308,6
1403,0.6499953814102487,0.24715837357583537,8
1404,0.2706859286081512,0.13300636351877348,6
1405,0.6089185446031697,0.5693952647417214,7
1406,0.7612321684500664,0.17244041856143855,6
1407,-0.32682647615019417,0.6508131832762194,6
1408,0.5133847625133535,0.6106354019844644,7
1409,-0.3268220218454436,0.650814599759743,6
1410,-0.5260495612082334,0.5905419083234926,6
1411,0.10485726132032927,0.6749096104972909,6
1412,0.7612321819774658,0.17244026183914177,6
1413,0.3165104101858643,-0.7188873660884133,5
1414,0.7567448304293,-0.3970939778980531,5
1415,-0.506579555501278,0.40890882281872865,5
1416,0.7567448317187727,-0.3970939756952419,5
1417,0.43876588943313377,0.7189992604501019,7
1418,-0.5121915601059235,-0.1563259843923728,5
1419,-0.6069974165996512,-0.4611446472151978,5
1420,-0.5121934498189944,-0.15632725890134136,5
1421,-0.3943348850618801,-0.33249873673654695,5
1422,-0.25546564230896857,0.6780579862075584,6
1423,-0.4051357220223466,0.6287026214921488,4
1424,0.7565397760535124,-0.2520606451934323,6
1425,0.756539777368301,-0.252060638587803,6
1426,0.48399660372794184,0.5779471913077537,6
1427,0.6133916760721978,0.5507971200159442,5
1428,-0.6781674723320233,0.4107726074651305,5
1429,0.500150526150319,0.49343812922263125,5
1430,0.043238689091323446,0.7046170240611312,5
1431,-0.08283947754690599,-0.5752342665447744,6
1432,-0.013763065828277549,0.7999381323760876,6
1433,-0.0805800200192405,0.7114592626698762,7
1434,-0.017765422729814906,-0.6626546428940648,6
1435,-0.017767119218837998,-0.6626773773606602,6
1436,0.13565443465131588,-0.796552089054855,5
1437,-0.5819680279405263,0.47400064503264827,5
1438,-0.5649778948800767,0.44967610544123604,5
1439,-0.7233595761766508,0.3614818142283084,6
1440,0.5880520979077183,0.6300271626168222,7
1441,-0.5839505754242172,-0.5535349606067284,6
1442,-0.6967180077042431,0.25953339803072767,5
1443,-0.06476323067714594,0.8006623684287248,5
1444,-0.7161035523353453,0.3704894358871164,6
1445,-0.5852284617778888,-0.5518636274227298,6
1446,-0.6967180190089988,0.2595333861587828,5
1447,-0.7584421827360629,0.1967448261747482,5
1448,-0.631900217858205,0.12583355849484773,5
1449,0.5706824293227234,0.6388059426031883,8
1450,0.588052082118765,0.6300271782067705,7
1451,0.7813662455973266,0.24731054695066768,7
1452,-0.2370961442032025,0.7379165367560275,7
1453,-0.42812072957717096,-0.45879990095847406,5
1454,0.7854867484842966,-0.36597499426802804,6
1455,-0.5988064209332358,0.5239123318411488,6
1456,-0.35814175401262643,0.54599877498366,6
1457,-0.4281207309602812,-0.45879990225356715,5
1458,0.6993955340903638,0.30705991768282176,5
1459,0.6689394826219427,0.5493928732221139,7
1460,-0.31945330843499964,0.3954564833516004,6
1461,-0.6533649635990187,0.3772357056939344,4
1462,-0.6823856837203031,0.46922730390803713,6
1463,-0.6421404704062039,0.5270851868214622,6
1464,-0.6636272515288348,0.2667790379840155,5
1465,-0.6641095366738098,0.2667774542502652,5
1466,-0.14536560811459984,-0.25252157593743185,7
1467,-0.7129423476992699,0.35435587931909374,4
1468,-0.148525133572617,-0.2592303404084262,7
1469,-0.7870136999135473,-0.09967144784974974,3
1470,0.1662790968731993,-0.7751554307010906,5
1471,-0.1927354660832245,0.7889137709338697,5
1472,0.648985406817791,0.42496885706421633,6
1473,-0.4278456571911242,0.7111022288762334,5
1474,0.053044294639467894,-0.6875715425723916,5
1475,-0.006583353175147636,0.8196149537213427,7
1476,0.053054305174587174,-0.687543772542263,5
1477,-0.005018308694182878,0.8198059297557364,7
1478,-0.6113274688368889,0.07346555386478514,3
1479,0.7585405592873271,0.02927568764014328,5
1480,-0.5177439523159851,0.5565821052135869,4
1481,0.7585405599928986,0.029275736576813583,5
1482,0.4489241855370596,0.055778845731638736,4
1483,0.7087116498818816,0.3743310988552885,5
1484,-0.5816964027257389,0.4808477379135317,4
1485,-0.7182093122423233,0.188924854423384,5
1486,-0.5488076100237598,0.5111117647374195,5
1487,-0.42606981056856624,0.6662807983971877,5
1488,-0.316398781002855,0.722983008602022,5
1489,-0.18697834034650465,0.7637667586349527,6
1490,0.5314679233258666,0.6474007891568605,6
1491,-0.3163987809844896,0.7229830086072158,5
1492,-0.29945760358573165,0.753272780058635,5
1493,-0.43664252361184464,-0.5950918139456959,5
1494,-0.053802469573541865,0.7267136314660807,7
1495,-0.07630389906777925,0.7642007560960787,6
1496,-0.4366425223801152,-0.5950918139505372,5
1497,-0.4270768761672403,0.6764586853517474,6
1498,-0.6294421659349654,0.4586165325427794,6
1499,-0.4270768812044917,0.6764586825685556,6
1500,-0.7463236554758323,0.10839842979820338,5
1501,-0.5536510101030331,-0.5691622931981521,5
1502,-0.7737880525440309,-0.2172902277671791,5
1503,0.1890608960654307,0.7342715651257015,6
1504,0.6675174556151979,0.38087440160272645,6
1505,-0.6434838808731086,0.39483056262684746,3
1506,-0.5647547136351745,0.5269460146328138,6
1507,0.6675174453944891,0.38087442253004816,6
1508,0.6785138508635924,0.18025868924434174,6
1509,0.7474933220815214,0.4504760410134048,5
1510,-0.09240282447800825,0.4596572661877108,6
1511,-0.7335742997649444,0.23609530081368407,5
1512,-0.6313330592368412,0.4694835130258075,6
1513,-0.3298703148947804,0.7011751082279768,6
1514,-0.7388466070074233,-0.04709517135605679,6
1515,-0.7393211931594164,-0.044630356613539375,6
1516,0.19755434453774887,0.6365385592018525,5
1517,-0.3411727353429865,0.6405409161826277,6
1518,0.6146563078133493,0.23305145696554744,5
1519,-0.722878351795031,0.32370824608101695,5
1520,-0.34113537921362913,0.6405467168362774,6
1521,-0.5408734301070536,-0.012352164808499341,4
1522,0.1975543445254966,0.6365385594202281,5
1523,-0.17633207699650558,0.5488609045811382,5
1524,-0.1279485720207572,0.6521699677962407,6
1525,-0.6514547053448524,0.43056323239305616,5
1526,-0.6702846105196409,0.3246622670431368,6
1527,-0.2689690168440168,0.7745474671182907,6
1528,0.6302170536801087,-0.09886395333027018,6
1529,-0.7182339610232193,0.2675195993260365,6
1530,-0.04378760571388017,0.8252761710253098,6
1531,-0.6245003419674245,0.46459639509415984,5
1532,-0.22701681268688514,0.3093785887143607,6
1533,-0.2757006968248964,-0.5007268956848716,5
1534,-0.16645070753816185,0.8155660622484683,7
1535,-0.7578750148881943,0.26213675313542334,6
1536,-0.5025825184484217,0.5916535122569717,6
1537,-0.5423068128015017,0.5956092495633902,6
1538,-0.3569779306749752,0.7372140628564473,5
1539,0.01250340165212356,0.33245259726540816,5
1540,-0.2850509150835138,0.709425197458255,6
1541,0.4408684690450032,0.5731080233747843,7
1542,-0.7283180874310813,0.37581925646643005,6
1543,0.7356509212166613,-0.3760618671837299,6
1544,0.8564221529930031,0.2600612748156665,7
1545,-0.2885907906526172,0.5624439327265761,6
1546,-0.6636770225886522,0.47257416141612807,5
1547,-0.24303038955365128,0.7776605579077357,5
1548,0.6896671911979115,-0.5574269805170216,5
1549,0.5345538013341173,0.6690235864819539,8
1550,-0.7558642423466415,0.07295607146334852,5
1551,-0.7610208399876756,0.05865467136950301,5
1552,-0.601712174550201,0.5693954195864915,6
1553,-0.7679224704852187,0.030635661284113436,5
1554,-0.6425781894150089,0.47453558355994474,6
1555,-0.3296752245691344,0.7243124274815266,7
1556,-0.7269911171388513,0.28794911644615123,5
1557,-0.6425781893599636,0.4745355836271006,6
1558,-0.43105666530146197,-0.5105938116936894,5
1559,-0.4809855927333412,-0.5851929374189282,5
1560,-0.4809851946695634,-0.585193071789648,5
1561,-0.4809855874478216,-0.5851929393491578,5
1562,-0.7316974288914727,0.2824068687277517,5
1563,-0.7316974632797925,0.2824068137945898,5
1564,-0.7316974604956924,0.2824068182426234,5
1565,-0.4636583647544454,0.6551374313388283,6
1566,0.6086179399105313,0.4800183595365348,6
1567,-0.7316974632582413,0.2824068138294994,5
1568,-0.7379099152331974,-0.12129691619056654,5
1569,-0.2193952469829951,0.7898997412930514,6
1570,0.41404051560244953,0.6682979030912538,6
1571,-0.021268396559386712,0.7972740103452252,6
1572,-0.6246041954336612,-0.419583055757136,5
1573,-0.18292455588782153,0.7994237670703177,6
1574,0.23628046248886678,0.17046182596336182,6
1575,0.497436942006384,0.6728566422116309,6
1576,0.8002394874060477,0.2403145074033098,6
1577,-0.3693497921308655,0.6829347435336426,6
1578,-0.36471082049864795,0.7102763462691871,6
1579,-0.3498837346451507,0.7346530154095985,5
1580,0.4509422482701491,0.7119251824423465,6
1581,-0.3498837342971606,0.734653015494921,5
1582,-0.38943407069127806,0.7182453999884176,5
1583,-0.39494458139145483,-0.21352483930142518,5
1584,0.5202906562253752,0.643154468039109,7
1585,0.5203351419480878,0.644462948475066,6
1586,0.42439730842771345,0.6307916099419709,6
1587,-0.44100268594590075,0.6812466383806177,6
1588,0.08562988019753355,0.744432710921132,6
1589,-0.5894283652948706,-0.3792388270146573,5
1590,-0.0212432690351763,0.8121929340799948,6
1591,-0.46332059713036755,0.66815018964571,6
1592,-0.2764628461814525,0.7230938518671114,6
1593,-0.625317480910552,0.2668946238261879,6
1594,-0.5935942736741741,0.545846432356345,5
1595,-0.3415954663358464,0.6834995184330179,6
1596,-0.27646284570812074,0.7230938518397492,6
1597,-0.5868299199448016,0.5226707486559,5
1598,0.38583960318159194,0.6507422552411691,6
